#oghma_csv {"title":"Wavelength - Refractive index","type":"xy","y_label":"Wavelength","data_label":"Refractive index","y_units":"nm","y_mul":1000000000.0,"data_units":"au","icon":"mat_file","time ":0.0,"Vexternal":0.0,"x_len":1,"y_len":58,"z_len":1,"cols":"yd"}*
3.039500e-07	2.043010e+00
3.090000e-07	2.055030e+00
3.115300e-07	2.057700e+00
3.140500e-07	2.063040e+00
3.157300e-07	2.067050e+00
3.207800e-07	2.087050e+00
3.224600e-07	2.154980e+00
3.233000e-07	2.190940e+00
3.241500e-07	2.184290e+00
3.249900e-07	2.182960e+00
3.308800e-07	2.196310e+00
3.359300e-07	2.173700e+00
3.401300e-07	2.156410e+00
3.418200e-07	2.139110e+00
3.435000e-07	2.124470e+00
3.451800e-07	2.117820e+00
3.502300e-07	2.093880e+00
3.586400e-07	2.069950e+00
3.645300e-07	2.048680e+00
3.679000e-07	2.038040e+00
3.754700e-07	2.020770e+00
3.855700e-07	1.992860e+00
3.897700e-07	1.979570e+00
3.956600e-07	1.966290e+00
4.015500e-07	1.953000e+00
4.167000e-07	1.934440e+00
4.267900e-07	1.918520e+00
4.427800e-07	1.907950e+00
4.528800e-07	1.901350e+00
4.697000e-07	1.896120e+00
4.966300e-07	1.894940e+00
5.159800e-07	1.896380e+00
5.243900e-07	1.895090e+00
5.614100e-07	1.888640e+00
5.782400e-07	1.888740e+00
6.110600e-07	1.892910e+00
6.320900e-07	1.891700e+00
6.438700e-07	1.890430e+00
6.581700e-07	1.889180e+00
6.783700e-07	1.882640e+00
7.052900e-07	1.878790e+00
7.103400e-07	1.877490e+00
7.288500e-07	1.874930e+00
7.574600e-07	1.872430e+00
7.742800e-07	1.873850e+00
7.835400e-07	1.873900e+00
8.012100e-07	1.870010e+00
8.163500e-07	1.866100e+00
8.365500e-07	1.864880e+00
8.491700e-07	1.863620e+00
8.727300e-07	1.865080e+00
8.752500e-07	1.866430e+00
9.004900e-07	1.865240e+00
9.147900e-07	1.861320e+00
9.341500e-07	1.862760e+00
9.476100e-07	1.866830e+00
9.770600e-07	1.868330e+00
9.913600e-07	1.868410e+00