#oghma_csv {"title":"Refractive index","type":"xy","y_label":"Wavelength","data_label":"Refractive index","y_units":"nm","y_mul":1000000000.0,"data_units":"au","icon":"mat_file","time ":0.0,"Vexternal":0.0,"x_len":1,"y_len":63,"z_len":1,"cols":"yd"}*
3.262700e-07	3.430100e-01
3.306200e-07	3.382000e-01
3.350900e-07	3.342900e-01
3.396800e-07	3.305100e-01
3.444000e-07	3.232800e-01
3.492500e-07	3.198400e-01
3.542400e-07	3.164900e-01
3.593700e-07	3.100900e-01
3.646600e-07	3.040400e-01
3.701000e-07	2.953100e-01
3.757100e-07	2.899300e-01
3.814900e-07	2.819100e-01
3.874500e-07	2.742300e-01
3.936000e-07	2.697000e-01
3.999500e-07	2.625800e-01
4.065100e-07	2.537800e-01
4.132800e-07	2.454900e-01
4.202900e-07	2.366800e-01
4.275300e-07	2.276300e-01
4.350300e-07	2.220700e-01
4.428000e-07	2.139600e-01
4.508500e-07	2.063500e-01
4.592000e-07	1.968300e-01
4.678600e-07	1.901600e-01
4.768600e-07	1.838500e-01
4.862100e-07	1.738900e-01
4.959400e-07	1.683800e-01
5.060600e-07	1.616500e-01
5.166000e-07	1.553900e-01
5.275900e-07	1.495300e-01
5.390600e-07	1.460100e-01
5.510400e-07	1.435900e-01
5.635600e-07	1.442800e-01
5.766700e-07	1.458500e-01
5.904000e-07	1.465300e-01
6.048000e-07	1.481700e-01
6.199200e-07	1.489800e-01
6.358200e-07	1.506900e-01
6.525500e-07	1.524300e-01
6.701800e-07	1.557400e-01
6.888000e-07	1.582800e-01
7.084800e-07	1.615900e-01
7.293200e-07	1.642200e-01
7.514200e-07	1.695400e-01
7.749000e-07	1.728200e-01
7.999000e-07	1.792600e-01
8.265600e-07	1.837400e-01
8.550600e-07	1.899500e-01
8.856000e-07	1.972100e-01
9.184000e-07	2.063600e-01
9.537200e-07	2.152400e-01
9.918700e-07	2.253200e-01
1.033200e-06	2.287400e-01
1.078120e-06	2.449200e-01
1.127130e-06	2.622200e-01
1.180800e-06	2.705500e-01
1.239840e-06	2.899700e-01
1.305100e-06	3.105900e-01
1.377600e-06	3.345500e-01
1.458640e-06	3.588700e-01
1.549800e-06	3.938200e-01
1.653120e-06	4.451800e-01
1.771200e-06	4.891100e-01