#oghma_csv {"title":"Wavelength - Refractive index","type":"xy","y_label":"Wavelength","data_label":"Refractive index","y_units":"nm","y_mul":1000000000.0,"data_units":"au","time ":nan,"Vexternal":nan,"x_len":1,"y_len":75,"z_len":1,"cols":"yd"}*
2.030000e-07	3.000000e+00
2.113400e-07	3.000000e+00
2.192400e-07	3.000000e+00
2.231700e-07	3.000000e+00
2.231800e-07	3.000000e+00
2.293000e-07	3.000000e+00
2.297100e-07	3.000000e+00
2.314500e-07	3.000000e+00
2.344700e-07	3.000000e+00
2.349000e-07	3.000000e+00
2.353800e-07	3.000000e+00
2.375100e-07	3.000000e+00
2.383700e-07	3.000000e+00
2.405500e-07	3.000000e+00
2.414100e-07	3.000000e+00
2.427200e-07	3.000000e+00
2.462100e-07	3.000000e+00
2.470700e-07	3.000000e+00
2.488100e-07	3.000000e+00
2.549400e-07	3.000000e+00
2.553700e-07	3.000000e+00
2.584400e-07	3.000000e+00
2.610600e-07	3.000000e+00
2.641300e-07	3.000000e+00
2.685200e-07	3.000000e+00
2.724800e-07	3.000000e+00
2.768900e-07	3.000000e+00
2.808600e-07	3.000000e+00
2.835200e-07	3.000000e+00
2.844100e-07	3.000000e+00
2.857400e-07	3.000000e+00
2.875300e-07	3.000000e+00
2.915100e-07	3.000000e+00
2.946000e-07	3.000000e+00
2.968100e-07	3.000000e+00
2.990200e-07	3.000000e+00
3.016700e-07	3.000000e+00
3.034400e-07	3.000000e+00
3.161800e-07	3.000000e+00
3.196900e-07	3.000000e+00
3.218800e-07	3.000000e+00
3.227300e-07	3.000000e+00
3.284100e-07	3.000000e+00
3.327900e-07	3.000000e+00
3.349600e-07	3.000000e+00
3.362700e-07	3.000000e+00
3.428300e-07	3.000000e+00
3.458900e-07	3.000000e+00
3.471900e-07	3.000000e+00
3.502500e-07	3.000000e+00
3.537500e-07	3.000000e+00
3.585700e-07	3.000000e+00
3.633800e-07	3.000000e+00
3.651300e-07	3.000000e+00
3.659900e-07	3.000000e+00
3.725500e-07	3.000000e+00
3.747400e-07	3.000000e+00
3.764800e-07	3.000000e+00
3.799700e-07	3.000000e+00
3.852200e-07	3.000000e+00
3.874100e-07	3.000000e+00
3.904700e-07	3.000000e+00
3.952900e-07	3.000000e+00
3.987900e-07	3.000000e+00
4.044900e-07	3.000000e+00
4.084300e-07	3.000000e+00
4.391700e-07	3.000000e+00
4.571800e-07	3.000000e+00
4.958300e-07	3.000000e+00
5.379900e-07	3.000000e+00
5.801500e-07	3.000000e+00
6.205500e-07	3.000000e+00
6.789600e-07	3.000000e+00
7.202400e-07	3.000000e+00
7.465900e-07	3.000000e+00