#oghma_csv {"title":"Wavelength - Refractive index","type":"xy","y_label":"Wavelength","data_label":"Refractive index","y_units":"nm","y_mul":1000000000.0,"data_units":"au","icon":"mat_file","time ":0.0,"Vexternal":0.0,"x_len":1,"y_len":29,"z_len":1,"cols":"yd"}*
5.218918e-07	1.900000e+00
5.233187e-07	1.900000e+00
5.249834e-07	1.900000e+00
5.268859e-07	1.900000e+00
5.290262e-07	1.900000e+00
5.316421e-07	1.900000e+00
5.344959e-07	1.900000e+00
5.380631e-07	1.900000e+00
5.418681e-07	1.900000e+00
5.463865e-07	1.900000e+00
5.509050e-07	1.900000e+00
5.556612e-07	1.900000e+00
5.604175e-07	1.900000e+00
5.651737e-07	1.900000e+00
5.701678e-07	1.900000e+00
5.751619e-07	1.900000e+00
5.803938e-07	1.900000e+00
5.858635e-07	1.900000e+00
5.913332e-07	1.900000e+00
5.968028e-07	1.900000e+00
6.025104e-07	1.900000e+00
6.082179e-07	1.900000e+00
6.139254e-07	1.900000e+00
6.196329e-07	1.900000e+00
6.255782e-07	1.900000e+00
6.312857e-07	1.900000e+00
6.372310e-07	1.900000e+00
6.429385e-07	1.900000e+00
6.488839e-07	1.900000e+00