#oghma_csv {"title":"Absorption","type":"xy","y_label":"Wavelength","data_label":"Absorption","y_units":"nm","y_mul":1000000000.0,"data_units":"m^{-1}","time ":0.0,"Vexternal":0.0,"x_len":1,"y_len":36,"z_len":1,"cols":"yd"}*
2.360000e-09	8.732555e+06
3.160000e-09	7.714791e+06
4.470000e-09	1.234146e+07
6.760000e-09	3.662090e+06
1.140000e-08	5.522585e+06
1.355000e-08	5.601536e+06
1.714000e-08	2.067511e+07
2.430000e-08	8.739567e+07
2.563000e-08	8.237021e+07
3.038000e-08	1.034098e+08
3.270000e-08	9.799455e+07
3.568000e-08	6.304312e+07
3.793000e-08	5.201473e+07
4.059000e-08	5.263073e+07
4.478000e-08	5.696675e+07
4.607000e-08	6.382740e+07
4.895000e-08	8.343344e+07
5.391000e-08	1.081579e+08
5.843000e-08	1.225881e+08
6.163000e-08	1.239712e+08
6.714000e-08	1.458027e+08
7.185000e-08	1.283745e+08
7.359000e-08	1.378048e+08
7.437000e-08	1.317972e+08
8.345000e-08	1.171555e+08
8.780000e-08	1.155017e+08
9.198000e-08	1.144880e+08
9.321000e-08	1.066408e+08
9.888000e-08	9.989036e+07
1.025800e-07	9.297979e+07
1.048200e-07	8.931443e+07
1.066700e-07	8.540931e+07
1.085700e-07	8.356739e+07
1.135000e-07	7.495529e+07
1.200700e-07	7.922657e+07
1.215700e-07	7.990291e+07