#gpvdm_csv {"title":"Refractive index","type":"xy","y_label":"Wavelength","data_label":"Refractive index","y_units":"nm","y_mul":1000000000.0,"data_units":"au","icon":"mat_file","time ":0.0,"Vexternal":0.0,"x_len":1,"y_len":36,"z_len":1,"cols":"yd"}*
2.360000e-09	9.970500e-01
3.160000e-09	9.959800e-01
4.470000e-09	9.916900e-01
6.760000e-09	9.848000e-01
1.140000e-08	9.638000e-01
1.355000e-08	9.498000e-01
1.714000e-08	9.245000e-01
2.430000e-08	8.020000e-01
2.563000e-08	7.900000e-01
3.038000e-08	9.280000e-01
3.270000e-08	9.180000e-01
3.568000e-08	9.290000e-01
3.793000e-08	1.040000e+00
4.059000e-08	8.940000e-01
4.478000e-08	8.470000e-01
4.607000e-08	8.420000e-01
4.895000e-08	8.830000e-01
5.391000e-08	8.280000e-01
5.843000e-08	8.010000e-01
6.163000e-08	8.140000e-01
6.714000e-08	8.040000e-01
7.185000e-08	8.530000e-01
7.359000e-08	8.430000e-01
7.437000e-08	8.560000e-01
8.345000e-08	8.130000e-01
8.780000e-08	8.080000e-01
9.198000e-08	8.850000e-01
9.321000e-08	9.600000e-01
9.888000e-08	9.120000e-01
1.025800e-07	1.070000e+00
1.048200e-07	1.110000e+00
1.066700e-07	1.190000e+00
1.085700e-07	1.150000e+00
1.135000e-07	1.270000e+00
1.200700e-07	1.250000e+00
1.215700e-07	1.390000e+00