#oghma_csv {"title":"Absorption","type":"xy","y_label":"Wavelength","data_label":"Absorption","y_units":"nm","y_mul":1000000000.0,"data_units":"m^{-1}","icon":"mat_file","time ":0.0,"Vexternal":0.0,"x_len":1,"y_len":24,"z_len":1,"cols":"yd"}*
3.020000e-07	7.565000e+06
3.158000e-07	7.465000e+06
3.369000e-07	7.416000e+06
3.650000e-07	7.292000e+06
3.790000e-07	7.222000e+06
3.940000e-07	7.198000e+06
4.129000e-07	7.143000e+06
4.221000e-07	7.108000e+06
4.342000e-07	7.074000e+06
4.449000e-07	7.082000e+06
4.524000e-07	7.049000e+06
4.608000e-07	7.015000e+06
4.710000e-07	6.962000e+06
4.790000e-07	6.945000e+06
4.821000e-07	6.878000e+06
4.904000e-07	6.833000e+06
4.986000e-07	6.711000e+06
5.130000e-07	6.464000e+06
5.226000e-07	6.199000e+06
5.397000e-07	5.680000e+06
5.607000e-07	4.524000e+06
5.853000e-07	3.199000e+06
6.043000e-07	2.013000e+06
6.171000e-07	9.000000e+05