#oghma_csv {"title":"Wavelength - Refractive index","type":"xy","y_label":"Wavelength","data_label":"Refractive index","y_units":"nm","y_mul":1000000000.0,"data_units":"au","icon":"mat_file","time ":0.0,"Vexternal":0.0,"x_len":1,"y_len":43,"z_len":1,"cols":"yd"}*
3.784900e-07	1.157450e+00
3.946640e-07	1.175880e+00
4.074850e-07	1.215230e+00
4.169500e-07	1.270270e+00
4.237240e-07	1.330520e+00
4.298250e-07	1.390770e+00
4.345820e-07	1.453630e+00
4.386640e-07	1.516480e+00
4.427470e-07	1.579340e+00
4.461580e-07	1.644800e+00
4.502410e-07	1.707660e+00
4.536520e-07	1.773130e+00
4.570610e-07	1.835980e+00
4.611460e-07	1.901450e+00
4.665880e-07	1.982630e+00
4.720170e-07	2.045500e+00
4.814800e-07	2.097920e+00
4.956040e-07	2.071830e+00
5.049960e-07	2.019540e+00
5.143870e-07	1.964620e+00
5.197480e-07	1.926860e+00
5.242720e-07	1.898840e+00
5.281330e-07	1.878090e+00
5.334640e-07	1.857350e+00
5.378590e-07	1.837120e+00
5.434600e-07	1.819490e+00
5.474520e-07	1.795110e+00
5.529190e-07	1.778520e+00
5.578550e-07	1.766090e+00
5.620560e-07	1.752890e+00
5.768500e-07	1.721580e+00
5.923200e-07	1.695500e+00
6.077960e-07	1.677280e+00
6.239470e-07	1.661680e+00
6.401000e-07	1.648690e+00
6.562530e-07	1.635710e+00
6.724090e-07	1.627960e+00
6.892390e-07	1.620220e+00
7.053960e-07	1.612470e+00
7.215520e-07	1.604720e+00
7.383840e-07	1.599600e+00
7.545420e-07	1.594470e+00
7.707000e-07	1.589340e+00