#oghma_csv {"title":"Refractive index","type":"xy","y_label":"Wavelength","data_label":"Refractive index","y_units":"nm","y_mul":1000000000.0,"data_units":"au","icon":"mat_file","time ":0.0,"Vexternal":0.0,"x_len":1,"y_len":79,"z_len":1,"cols":"yd"}*
2.066000e-07	1.300000e-01
2.156000e-07	1.410000e-01
2.254000e-07	1.550000e-01
2.362000e-07	1.720000e-01
2.480000e-07	1.900000e-01
2.610000e-07	2.090000e-01
2.755000e-07	2.330000e-01
2.917000e-07	2.610000e-01
3.000000e-07	2.760000e-01
3.100000e-07	2.940000e-01
3.179000e-07	3.100000e-01
3.263000e-07	3.260000e-01
3.351000e-07	3.440000e-01
3.444000e-07	3.640000e-01
3.500000e-07	3.750000e-01
3.542000e-07	3.850000e-01
3.647000e-07	4.070000e-01
3.757000e-07	4.320000e-01
3.875000e-07	4.600000e-01
4.000000e-07	4.900000e-01
4.133000e-07	5.230000e-01
4.275000e-07	5.580000e-01
4.428000e-07	5.980000e-01
4.500000e-07	6.180000e-01
4.592000e-07	6.440000e-01
4.769000e-07	6.950000e-01
4.959000e-07	7.550000e-01
5.000000e-07	7.690000e-01
5.061000e-07	7.890000e-01
5.166000e-07	8.260000e-01
5.276000e-07	8.670000e-01
5.391000e-07	9.120000e-01
5.500000e-07	9.580000e-01
5.510000e-07	9.630000e-01
5.636000e-07	1.020000e+00
5.767000e-07	1.080000e+00
5.904000e-07	1.150000e+00
6.000000e-07	1.200000e+00
6.048000e-07	1.220000e+00
6.199000e-07	1.300000e+00
6.358000e-07	1.390000e+00
6.500000e-07	1.470000e+00
6.526000e-07	1.490000e+00
6.702000e-07	1.600000e+00
6.888000e-07	1.740000e+00
7.000000e-07	1.830000e+00
7.085000e-07	1.910000e+00
7.293000e-07	2.140000e+00
7.500000e-07	2.400000e+00
7.514000e-07	2.410000e+00
7.749000e-07	2.630000e+00
7.999000e-07	2.800000e+00
8.250000e-07	2.750000e+00
8.266000e-07	2.740000e+00
8.500000e-07	2.610000e+00
8.551000e-07	2.580000e+00
8.750000e-07	2.380000e+00
8.856000e-07	2.240000e+00
9.000000e-07	2.060000e+00
9.184000e-07	1.860000e+00
9.250000e-07	1.770000e+00
9.500000e-07	1.490000e+00
9.537000e-07	1.470000e+00
9.919000e-07	1.370000e+00
1.000000e-06	1.350000e+00
1.033000e-06	1.260000e+00
1.078000e-06	1.210000e+00
1.127000e-06	1.200000e+00
1.181000e-06	1.210000e+00
1.200000e-06	1.210000e+00
1.240000e-06	1.210000e+00
1.305000e-06	1.230000e+00
1.378000e-06	1.260000e+00
1.459000e-06	1.330000e+00
1.500000e-06	1.380000e+00
1.550000e-06	1.440000e+00
1.653000e-06	1.590000e+00
1.771000e-06	1.770000e+00
1.907000e-06	1.990000e+00