#oghma_csv {"title":"Absorption","type":"xy","y_label":"Wavelength","data_label":"Absorption","y_units":"nm","y_mul":1000000000.0,"data_units":"m^{-1}","icon":"mat_file","time ":0.0,"Vexternal":0.0,"x_len":1,"y_len":68,"z_len":1,"cols":"yd"}*
4.000000e-07	2.900000e+06
4.100000e-07	2.900000e+06
4.200000e-07	3.100000e+06
4.300000e-07	3.200000e+06
4.400000e-07	3.400000e+06
4.500000e-07	3.600000e+06
4.500000e-07	3.700000e+06
4.600000e-07	4.000000e+06
4.600000e-07	4.200000e+06
4.700000e-07	4.500000e+06
4.800000e-07	4.900000e+06
4.800000e-07	5.100000e+06
4.900000e-07	5.400000e+06
5.000000e-07	5.600000e+06
5.100000e-07	5.600000e+06
5.300000e-07	5.600000e+06
5.400000e-07	5.600000e+06
5.600000e-07	5.700000e+06
5.700000e-07	5.900000e+06
6.000000e-07	6.200000e+06
6.200000e-07	6.300000e+06
6.300000e-07	6.300000e+06
6.400000e-07	6.300000e+06
6.500000e-07	6.200000e+06
6.700000e-07	6.100000e+06
6.900000e-07	6.000000e+06
7.100000e-07	5.800000e+06
7.200000e-07	5.800000e+06
7.400000e-07	5.700000e+06
7.700000e-07	5.700000e+06
7.900000e-07	5.800000e+06
8.200000e-07	5.900000e+06
8.400000e-07	6.000000e+06
8.600000e-07	6.100000e+06
8.700000e-07	6.100000e+06
8.900000e-07	6.100000e+06
9.100000e-07	6.100000e+06
9.300000e-07	6.000000e+06
9.400000e-07	5.800000e+06
9.600000e-07	5.600000e+06
9.700000e-07	5.400000e+06
9.700000e-07	5.200000e+06
9.800000e-07	5.000000e+06
9.900000e-07	4.800000e+06
1.000000e-06	4.700000e+06
1.010000e-06	4.600000e+06
1.010000e-06	4.400000e+06
1.020000e-06	4.300000e+06
1.020000e-06	3.900000e+06
1.030000e-06	3.600000e+06
1.030000e-06	3.200000e+06
1.040000e-06	2.800000e+06
1.040000e-06	2.500000e+06
1.040000e-06	2.300000e+06
1.050000e-06	2.200000e+06
1.050000e-06	2.000000e+06
1.060000e-06	1.900000e+06
1.070000e-06	1.900000e+06
1.080000e-06	1.900000e+06
1.080000e-06	1.800000e+06
1.080000e-06	1.500000e+06
1.090000e-06	1.300000e+06
1.090000e-06	1.000000e+06
1.100000e-06	7.000000e+05
1.100000e-06	4.000000e+05
1.110000e-06	2.000000e+05
1.120000e-06	1.000000e+05
1.120000e-06	5.000000e+04