#gpvdm_csv {"title":"Refractive index","type":"xy","y_label":"Wavelength","data_label":"Refractive index","y_units":"nm","y_mul":1000000000.0,"data_units":"au","icon":"mat_file","time ":0.0,"Vexternal":0.0,"x_len":1,"y_len":62,"z_len":1,"cols":"yd"}*
3.551200e-07	1.725400e+00
3.636200e-07	1.727900e+00
3.721200e-07	1.727900e+00
3.806000e-07	1.725400e+00
3.882100e-07	1.720300e+00
3.958200e-07	1.712700e+00
4.042700e-07	1.705100e+00
4.118800e-07	1.697500e+00
4.194900e-07	1.692400e+00
4.305100e-07	1.687300e+00
4.390000e-07	1.687300e+00
4.492100e-07	1.689900e+00
4.568700e-07	1.694900e+00
4.645700e-07	1.705100e+00
4.714400e-07	1.720300e+00
4.774800e-07	1.738100e+00
4.835300e-07	1.758400e+00
4.887200e-07	1.778700e+00
4.939200e-07	1.799000e+00
4.991100e-07	1.816800e+00
5.043100e-07	1.837100e+00
5.095100e-07	1.857400e+00
5.147100e-07	1.877700e+00
5.198900e-07	1.895400e+00
5.259400e-07	1.915700e+00
5.328000e-07	1.928400e+00
5.396600e-07	1.941100e+00
5.473700e-07	1.953800e+00
5.542400e-07	1.969000e+00
5.611000e-07	1.981700e+00
5.696300e-07	1.989300e+00
5.781200e-07	1.989300e+00
5.857200e-07	1.981700e+00
5.916400e-07	1.976700e+00
6.001400e-07	1.976700e+00
6.044000e-07	1.979200e+00
6.129100e-07	1.984300e+00
6.205700e-07	1.986800e+00
6.290100e-07	1.976700e+00
6.357300e-07	1.961400e+00
6.424400e-07	1.946200e+00
6.483100e-07	1.931000e+00
6.550300e-07	1.915700e+00
6.617700e-07	1.905600e+00
6.693500e-07	1.892900e+00
6.769400e-07	1.882700e+00
6.803200e-07	1.880200e+00
6.879300e-07	1.872600e+00
6.963800e-07	1.865000e+00
7.048500e-07	1.859900e+00
7.116200e-07	1.854800e+00
7.201000e-07	1.852300e+00
7.277300e-07	1.849800e+00
7.361900e-07	1.844700e+00
7.421300e-07	1.842100e+00
7.505900e-07	1.837100e+00
7.582200e-07	1.834500e+00
7.641400e-07	1.829400e+00
7.726200e-07	1.826900e+00
7.802500e-07	1.824400e+00
7.887200e-07	1.819300e+00
7.972000e-07	1.816800e+00