#oghma_csv {"title":"","type":"xy","y_label":"Wavelength","data_label":"Refractive index","y_units":"nm","y_mul":1000000000.0,"data_units":"au","icon":"mat_file","time ":0.0,"Vexternal":0.0,"x_len":1,"y_len":75,"z_len":1,"cols":"yd"}*
1.400000e-07	9.200190e-01
1.600000e-07	1.112161e+00
1.800000e-07	1.469690e+00
2.000000e-07	1.514569e+00
2.200000e-07	1.459463e+00
2.400000e-07	1.491176e+00
2.600000e-07	1.465547e+00
2.800000e-07	1.503239e+00
3.000000e-07	1.689742e+00
3.200000e-07	1.694966e+00
3.400000e-07	1.808099e+00
3.600000e-07	2.029110e+00
3.800000e-07	2.328825e+00
4.000000e-07	2.589739e+00
4.200000e-07	2.495344e+00
4.400000e-07	2.485041e+00
4.600000e-07	2.480274e+00
4.800000e-07	2.510259e+00
5.000000e-07	2.591791e+00
5.200000e-07	2.626191e+00
5.400000e-07	2.636071e+00
5.600000e-07	2.639288e+00
5.800000e-07	2.610817e+00
6.000000e-07	2.584610e+00
6.200000e-07	2.557323e+00
6.400000e-07	2.538707e+00
6.600000e-07	2.531606e+00
6.800000e-07	2.512399e+00
7.000000e-07	2.500293e+00
7.200000e-07	2.488882e+00
7.400000e-07	2.492469e+00
7.600000e-07	2.585919e+00
7.800000e-07	2.605183e+00
8.000000e-07	2.535006e+00
8.200000e-07	2.464341e+00
8.400000e-07	2.444332e+00
8.600000e-07	2.386318e+00
8.800000e-07	2.362865e+00
9.000000e-07	2.344548e+00
9.200000e-07	2.332039e+00
9.400000e-07	2.319530e+00
9.600000e-07	2.307054e+00
9.800000e-07	2.297855e+00
1.000000e-06	2.284957e+00
1.020000e-06	2.274775e+00
1.040000e-06	2.265815e+00
1.060000e-06	2.255338e+00
1.080000e-06	2.243470e+00
1.100000e-06	2.231355e+00
1.120000e-06	2.298097e+00
1.140000e-06	2.286000e+00
1.160000e-06	2.270900e+00
1.180000e-06	2.376030e+00
1.200000e-06	2.371556e+00
1.220000e-06	2.366939e+00
1.240000e-06	2.362322e+00
1.260000e-06	2.357705e+00
1.280000e-06	2.353593e+00
1.300000e-06	2.348934e+00
1.320000e-06	2.344289e+00
1.340000e-06	2.339644e+00
1.360000e-06	2.293073e+00
1.380000e-06	2.290553e+00
1.400000e-06	2.288033e+00
1.420000e-06	2.285513e+00
1.440000e-06	2.282525e+00
1.460000e-06	2.276630e+00
1.480000e-06	2.274384e+00
1.500000e-06	2.245452e+00
1.520000e-06	2.244072e+00
1.540000e-06	2.242692e+00
1.560000e-06	2.241312e+00
1.580000e-06	2.239931e+00
1.600000e-06	2.238551e+00
1.620000e-06	2.237171e+00