#oghma_csv {"title":"Wavelength - Absorption","type":"xy","y_label":"Wavelength","data_label":"Absorption","y_units":"nm","y_mul":1000000000.0,"data_units":"m^{-1}","icon":"mat_file","time ":0.0,"Vexternal":0.0,"x_len":1,"y_len":44,"z_len":1,"cols":"yd"}*
2.456200e-07	2.575900e+07
2.474400e-07	2.094800e+07
2.488300e-07	2.944000e+07
2.519000e-07	3.698100e+07
2.520200e-07	3.683900e+07
2.542700e-07	4.066200e+07
2.543400e-07	4.078900e+07
2.550500e-07	4.226600e+07
2.608400e-07	4.339300e+07
2.658900e-07	4.155200e+07
2.667800e-07	3.965100e+07
2.685900e-07	3.531600e+07
2.701900e-07	3.721600e+07
2.712600e-07	3.009000e+07
2.714500e-07	2.427000e+07
2.733400e-07	1.767900e+07
2.739900e-07	2.041900e+07
2.740900e-07	2.005400e+07
2.767700e-07	1.459000e+07
2.777400e-07	1.019600e+07
2.803200e-07	7.820000e+06
2.820000e-07	7.345000e+06
2.845200e-07	6.573000e+06
2.853900e-07	5.266000e+06
2.870700e-07	4.791000e+06
2.987400e-07	4.136000e+06
3.187200e-07	3.599000e+06
3.303600e-07	3.657000e+06
3.677600e-07	4.423000e+06
3.777200e-07	5.075000e+06
3.868700e-07	5.014000e+06
4.052000e-07	4.121000e+06
4.151900e-07	3.585000e+06
4.293700e-07	2.455000e+06
4.412100e-07	8.120000e+05
4.552200e-07	5.510000e+05
5.046000e-07	4.900000e+04
5.706100e-07	4.000000e+04
6.366300e-07	3.100000e+04
7.026400e-07	2.200000e+04
7.686500e-07	1.200000e+04
8.346700e-07	3.000000e+03
9.006800e-07	-6.000000e+03
9.666900e-07	-1.500000e+04