#oghma_csv {"title":"Wavelength - Refractive index","type":"xy","y_label":"Wavelength","data_label":"Refractive index","y_units":"nm","y_mul":1000000000.0,"data_units":"au","icon":"mat_file","time ":0.0,"Vexternal":0.0,"x_len":1,"y_len":59,"z_len":1,"cols":"yd"}*
2.519200e-07	1.448000e+00
2.527700e-07	1.435090e+00
2.537100e-07	1.477020e+00
2.546400e-07	1.518960e+00
2.564200e-07	1.554890e+00
2.564400e-07	1.556050e+00
2.591800e-07	1.644750e+00
2.599700e-07	1.591520e+00
2.601100e-07	1.678610e+00
2.608800e-07	1.615710e+00
2.618900e-07	1.706030e+00
2.619400e-07	1.736670e+00
2.628400e-07	1.756020e+00
2.646300e-07	1.789890e+00
2.647300e-07	1.856020e+00
2.655500e-07	1.823750e+00
2.656300e-07	1.873750e+00
2.666200e-07	1.951170e+00
2.666700e-07	1.959240e+00
2.674100e-07	1.899550e+00
2.676100e-07	2.025360e+00
2.685800e-07	2.088260e+00
2.686300e-07	2.089240e+00
2.687000e-07	2.164070e+00
2.691800e-07	1.920510e+00
2.696500e-07	2.217290e+00
2.697000e-07	2.251350e+00
2.697300e-07	2.268900e+00
2.711200e-07	2.044700e+00
2.715400e-07	2.354350e+00
2.716000e-07	2.354380e+00
2.751600e-07	2.405980e+00
2.777000e-07	2.364030e+00
2.784100e-07	2.264030e+00
2.819800e-07	2.322080e+00
2.843700e-07	2.181750e+00
2.902600e-07	2.060760e+00
2.920900e-07	2.115590e+00
2.971500e-07	2.022020e+00
3.005400e-07	1.965560e+00
3.048200e-07	1.923610e+00
3.117000e-07	1.876800e+00
3.298900e-07	1.836410e+00
3.519800e-07	1.781100e+00
4.044500e-07	1.811630e+00
4.568700e-07	1.806310e+00
5.147200e-07	1.744640e+00
5.809000e-07	1.718790e+00
6.498600e-07	1.703160e+00
7.160700e-07	1.692670e+00
7.850300e-07	1.682170e+00
8.540100e-07	1.676780e+00
8.893500e-07	1.679450e+00
9.102000e-07	1.674530e+00
9.310500e-07	1.666390e+00
9.423500e-07	1.667960e+00
9.658200e-07	1.669480e+00
9.797300e-07	1.669430e+00
9.927600e-07	1.669380e+00