#oghma_csv {"title":"Refractive index","type":"xy","y_label":"Wavelength","data_label":"Refractive index","y_units":"nm","y_mul":1000000000.0,"data_units":"au","icon":"mat_file","time ":0.0,"Vexternal":0.0,"x_len":1,"y_len":35,"z_len":1,"cols":"yd"}*
1.679700e-07	1.000189e+00
1.684600e-07	1.000189e+00
1.697900e-07	1.000188e+00
1.699100e-07	1.000187e+00
1.704500e-07	1.000187e+00
1.713400e-07	1.000186e+00
1.722300e-07	1.000185e+00
1.770900e-07	1.000182e+00
1.816900e-07	1.000179e+00
1.847500e-07	1.000177e+00
1.850700e-07	1.000177e+00
1.854600e-07	1.000176e+00
1.862700e-07	1.000176e+00
1.901300e-07	1.000174e+00
1.935800e-07	1.000172e+00
1.977600e-07	1.000170e+00
1.983200e-07	1.000170e+00
1.989000e-07	1.000169e+00
1.990500e-07	1.000169e+00
2.058800e-07	1.000167e+00
2.124800e-07	1.000164e+00
2.208900e-07	1.000162e+00
2.211600e-07	1.000161e+00
2.217400e-07	1.000161e+00
2.302900e-07	1.000159e+00
2.379100e-07	1.000157e+00
2.435900e-07	1.000156e+00
2.507700e-07	1.000155e+00
2.516900e-07	1.000155e+00
2.529300e-07	1.000154e+00
2.535600e-07	1.000154e+00
2.632100e-07	1.000153e+00
2.753600e-07	1.000151e+00
2.882400e-07	1.000149e+00
2.894500e-07	1.000149e+00