#gpvdm_csv {"title":"Wavelength - Refractive index","type":"xy","y_label":"Wavelength","data_label":"Refractive index","y_units":"nm","y_mul":1000000000.0,"data_units":"au","icon":"mat_file","time ":0.0,"Vexternal":0.0,"x_len":1,"y_len":55,"z_len":1,"cols":"yd"}*
3.757600e-07	1.856910e+00
4.270400e-07	1.748200e+00
4.783200e-07	1.639490e+00
5.320200e-07	1.547500e+00
5.519400e-07	1.493360e+00
5.655400e-07	1.413720e+00
5.858000e-07	1.503320e+00
6.012500e-07	1.569690e+00
6.136900e-07	1.782080e+00
6.147200e-07	1.679200e+00
6.233000e-07	1.891590e+00
6.309700e-07	1.994470e+00
6.396200e-07	2.090710e+00
6.492800e-07	2.117260e+00
6.638100e-07	2.094030e+00
6.696600e-07	2.021020e+00
6.784300e-07	1.928100e+00
6.862100e-07	1.881640e+00
6.988200e-07	1.825220e+00
7.153000e-07	1.792040e+00
7.317400e-07	1.798670e+00
7.530100e-07	1.835180e+00
7.587800e-07	1.891590e+00
7.722900e-07	1.951330e+00
7.818900e-07	2.074120e+00
7.905400e-07	2.167040e+00
8.020500e-07	2.323010e+00
8.087500e-07	2.432520e+00
8.135300e-07	2.525440e+00
8.221900e-07	2.598450e+00
8.240700e-07	2.688050e+00
8.279000e-07	2.757740e+00
8.433100e-07	2.868740e+00
8.848200e-07	2.785120e+00
9.142000e-07	2.601150e+00
9.533200e-07	2.442270e+00
1.002170e-06	2.316830e+00
1.055880e-06	2.224850e+00
1.114450e-06	2.157950e+00
1.170560e-06	2.107770e+00
1.208650e-06	2.094030e+00
1.228010e-06	2.087390e+00
1.258020e-06	2.070800e+00
1.289000e-06	2.054200e+00
1.308360e-06	2.040930e+00
1.337410e-06	2.014380e+00
1.370320e-06	2.011060e+00
1.410000e-06	2.001110e+00
1.433230e-06	2.001110e+00
1.449680e-06	1.994470e+00
1.482590e-06	1.991150e+00
1.503880e-06	1.981190e+00
1.533890e-06	1.977880e+00
1.563890e-06	1.971240e+00
1.576470e-06	1.971240e+00