#gpvdm_csv {"title":"Refractive index","type":"xy","y_label":"Wavelength","data_label":"Refractive index","y_units":"nm","y_mul":1000000000.0,"data_units":"au","icon":"mat_file","time ":0.0,"Vexternal":0.0,"x_len":1,"y_len":46,"z_len":1,"cols":"yd"}*
2.066000e-07	1.010000e+00
2.101000e-07	1.083000e+00
2.138000e-07	1.133000e+00
2.175000e-07	1.186000e+00
2.214000e-07	1.247000e+00
2.254000e-07	1.340000e+00
2.296000e-07	1.471000e+00
2.339000e-07	1.579000e+00
2.384000e-07	1.589000e+00
2.431000e-07	1.571000e+00
2.480000e-07	1.570000e+00
2.530000e-07	1.597000e+00
2.583000e-07	1.658000e+00
2.638000e-07	1.764000e+00
2.695000e-07	1.988000e+00
2.755000e-07	2.452000e+00
2.818000e-07	3.120000e+00
2.883000e-07	4.087000e+00
2.952000e-07	4.888000e+00
3.024000e-07	5.020000e+00
3.100000e-07	5.010000e+00
3.179000e-07	5.016000e+00
3.263000e-07	5.065000e+00
3.351000e-07	5.156000e+00
3.444000e-07	5.296000e+00
3.542000e-07	5.610000e+00
3.647000e-07	6.522000e+00
3.757000e-07	6.709000e+00
3.875000e-07	6.062000e+00
3.999000e-07	5.570000e+00
4.133000e-07	5.222000e+00
4.275000e-07	4.961000e+00
4.428000e-07	4.753000e+00
4.592000e-07	4.583000e+00
4.769000e-07	4.442000e+00
4.959000e-07	4.320000e+00
5.166000e-07	4.215000e+00
5.391000e-07	4.123000e+00
5.636000e-07	4.042000e+00
5.904000e-07	3.969000e+00
6.199000e-07	3.906000e+00
6.525000e-07	3.847000e+00
6.888000e-07	3.796000e+00
7.293000e-07	3.752000e+00
7.749000e-07	3.714000e+00
8.266000e-07	3.673000e+00