#oghma_csv {"title":"","type":"xy","y_label":"Wavelength","data_label":"Refractive index","y_units":"nm","y_mul":1000000000.0,"data_units":"au","icon":"mat_file","time ":0.0,"Vexternal":0.0,"x_len":1,"y_len":40,"z_len":1,"cols":"yd"}*
3.600000e-07	1.654800e+00
3.800000e-07	1.757200e+00
4.000000e-07	1.827400e+00
4.200000e-07	1.921600e+00
4.400000e-07	1.821400e+00
4.600000e-07	1.773000e+00
4.800000e-07	1.748300e+00
5.000000e-07	1.732000e+00
5.200000e-07	1.718400e+00
5.400000e-07	1.708900e+00
5.600000e-07	1.699300e+00
5.800000e-07	1.691600e+00
6.000000e-07	1.685900e+00
6.200000e-07	1.680700e+00
6.400000e-07	1.675300e+00
6.600000e-07	1.671600e+00
6.800000e-07	1.667800e+00
7.000000e-07	1.664600e+00
7.200000e-07	1.661700e+00
7.400000e-07	1.658800e+00
7.600000e-07	1.654100e+00
7.800000e-07	1.652100e+00
8.000000e-07	1.650800e+00
8.200000e-07	1.649500e+00
8.400000e-07	1.648200e+00
8.600000e-07	1.646300e+00
8.800000e-07	1.645300e+00
9.000000e-07	1.644500e+00
9.200000e-07	1.641900e+00
9.400000e-07	1.613200e+00
9.600000e-07	1.611800e+00
9.800000e-07	1.610500e+00
1.000000e-06	1.609100e+00
1.020000e-06	1.607800e+00
1.040000e-06	1.606500e+00
1.060000e-06	1.604900e+00
1.080000e-06	1.603400e+00
1.100000e-06	1.601800e+00
1.120000e-06	1.600300e+00
1.140000e-06	1.598700e+00