#oghma_csv {"title":"Absorption","type":"xy","y_label":"Wavelength","data_label":"Absorption","y_units":"nm","y_mul":1000000000.0,"data_units":"m^{-1}","icon":"mat_file","time ":0.0,"Vexternal":0.0,"x_len":1,"y_len":46,"z_len":1,"cols":"yd"}*
1.033000e-07	8.831730e+07
1.078000e-07	9.873569e+07
1.127000e-07	1.054816e+08
1.181000e-07	1.106606e+08
1.240000e-07	1.155294e+08
1.305000e-07	1.194045e+08
1.378000e-07	1.231102e+08
1.459000e-07	1.266110e+08
1.550000e-07	1.297173e+08
1.653000e-07	1.322775e+08
1.771000e-07	1.341074e+08
1.907000e-07	1.364046e+08
2.066000e-07	1.386801e+08
2.254000e-07	1.399360e+08
2.480000e-07	1.398514e+08
2.583000e-07	1.386532e+08
2.695000e-07	1.366213e+08
2.818000e-07	1.333336e+08
2.952000e-07	1.294097e+08
3.100000e-07	1.240421e+08
3.263000e-07	1.155350e+08
3.444000e-07	1.050845e+08
3.543000e-07	9.895609e+07
3.647000e-07	9.165483e+07
3.875000e-07	7.718177e+07
4.133000e-07	6.141797e+07
4.428000e-07	4.654207e+07
4.769000e-07	3.372812e+07
4.960000e-07	2.837565e+07
5.166000e-07	2.357105e+07
5.636000e-07	1.538465e+07
6.199000e-07	9.345204e+06
6.526000e-07	6.989869e+06
6.888000e-07	4.944082e+06
7.293000e-07	3.428912e+06
7.749000e-07	2.205478e+06
8.266000e-07	1.234440e+06
8.856000e-07	5.690052e+05
9.538000e-07	0.000000e+00
1.033000e-06	0.000000e+00
1.127000e-06	0.000000e+00
1.240000e-06	0.000000e+00
1.378000e-06	0.000000e+00
1.550000e-06	0.000000e+00
1.771000e-06	0.000000e+00
2.066000e-06	0.000000e+00